TIPO DE IDENTIFICACION|NUMERO DE IDENTIFICACION|DIRECCION|CIUDAD|NUMERO
NIT|20729753|P.O. Box 611, 3694 Nulla Road|San Vito al Tagliamento|12057
DI|26848906|2291 Ultrices Rd.|San Valentino in Abruzzo Citeriore|56004
NIT|25197276|285-9773 Tincidunt Rd.|GŽrouville|81924
NIT|28078325|487-1115 Taciti Avenue|Pallavaram|36068
CE|22934387|840-7864 Suspendisse St.|Bear|37800
CE|13723330|P.O. Box 262, 6708 Elit St.|Deschambault|18010
DI|40866926|578-1121 Velit. Rd.|Southaven|06532
NIT|28955158|P.O. Box 408, 5985 Lobortis Rd.|Algarrobo|66992
CC|21815233|352-9184 Praesent St.|Zaragoza|12870
CC|7435670|P.O. Box 425, 6213 Eu Rd.|Cañas|14739
CC|47756464|P.O. Box 261, 5610 Duis Ave|Duitama|63268
CE|34526018|7792 Phasellus St.|Parepare|66051
NIT|19136952|253-8493 Feugiat Av.|Offenburg|10660
NIT|6859855|P.O. Box 870, 6316 Maecenas St.|Yeoju|48507
DI|40762427|Ap #188-7316 Laoreet St.|Quimper|29483
DI|5625780|191-7922 Nunc St.|Queenstown|97658
DI|30725585|Ap #799-9131 Aenean Road|Montgomery|52971
CC|37068689|P.O. Box 589, 3261 Tempor St.|Sacramento|84784
PS|50035468|P.O. Box 204, 9798 Magna. Rd.|Castellana Sicula|41922
CE|19933973|Ap #320-6039 Ipsum Road|Emarèse|00626
DI|41034694|154-5899 Arcu St.|Collines-de-l'Outaouais|63761
DI|41392978|P.O. Box 117, 9243 Ac Road|Wekweti|27959
CE|40038088|3805 Ornare. Rd.|Pomarolo|91165
DI|47922192|P.O. Box 483, 9027 Ac, Avenue|Alcorcón|55045
CE|32878252|Ap #236-2604 Amet Avenue|Klemskerke|54077
DI|27295304|Ap #368-5565 Duis Av.|Crewe|02316
PS|20104666|139-1736 Vulputate, St.|Queilén|45597
PS|25964057|2089 Nullam St.|Rostov|75594
CC|49565018|Ap #625-3241 Nulla. St.|Melsele|64705
NIT|35688439|1375 Mauris Rd.|Vespolate|91279
CE|32759716|P.O. Box 171, 7507 Odio St.|Medicine Hat|87734
PS|44891143|Ap #162-8968 Odio St.|Mirny|22439
CE|34201057|Ap #912-3349 Mauris. Rd.|Zeveneken|19791
CC|9958850|1833 Luctus, St.|Dégelis|06555
DI|17583986|P.O. Box 635, 1981 Non St.|Landenne|79239
NIT|7584588|Ap #475-7538 Semper Avenue|Zaragoza|01011
PS|32519541|Ap #103-8051 In Ave|MŽlin|77803
CC|39983906|Ap #402-7272 Magnis Rd.|Saint-Servais|01965
PS|5444668|Ap #104-9808 Donec Rd.|Rignano Garganico|81308
DI|17307515|P.O. Box 823, 1427 Auctor St.|Évreux|04217
DI|50861815|P.O. Box 581, 9604 Quis, Avenue|Stevoort|55008
DI|21784711|P.O. Box 895, 6809 Mi Rd.|Fiumara|63584
CC|10057450|434 Lacus. St.|Zlatoust|72305
DI|35894050|Ap #458-2733 Ipsum. Road|Langley|73393
DI|31641504|P.O. Box 839, 5850 Egestas Street|Stratford|89692
CC|23897666|486-6890 Cum Av.|Tirupati|85263
NIT|25182433|Ap #122-2725 Orci Avenue|Essex|60981
PS|39276735|Ap #587-4389 Quisque Av.|Latera|10739
CE|18833809|778-822 Vehicula. Ave|Salzgitter|17970
PS|10976223|Ap #491-8414 Libero Rd.|Klimovsk|39102
NIT|38883385|P.O. Box 345, 2580 Est. Avenue|Algarrobo|08963
DI|39505143|P.O. Box 800, 3191 Sed Av.|Indianapolis|55765
DI|35847058|4670 Eu St.|Couture-Saint-Germain|84920
NIT|22101157|P.O. Box 837, 121 Sapien St.|Nampa|98299
NIT|19051463|3552 Dolor Rd.|Vicuña|01757
CC|23738361|714-989 Eu St.|Deline|82291
DI|35659220|256 Nisl Street|Barrow-in-Furness|05770
NIT|8110119|P.O. Box 147, 279 Egestas. Road|Campomorone|57333
CE|32074949|P.O. Box 725, 550 Etiam St.|Flint|90388
CC|45049425|P.O. Box 923, 3494 Ornare, Avenue|Treppo Carnico|18431
CC|27023363|P.O. Box 517, 6941 Aliquet Av.|Roshal|38196
PS|32132848|Ap #584-9789 In Street|Tavistock|41687
NIT|22130875|2975 Erat. Rd.|Shikarpur|31296
PS|12044243|Ap #704-3579 Dictum Street|Wood Buffalo|60177
CC|46136311|8069 Nunc Av.|Poitiers|57002
CC|48700013|1311 Hendrerit Avenue|Taltal|22634
DI|14114036|P.O. Box 149, 8018 Urna. Rd.|Wichelen|72283
DI|7306153|850-5101 Sit St.|Neuss|85136
CC|25891397|Ap #870-5439 Dui Rd.|Bellegem|51302
DI|10868926|Ap #193-4161 Phasellus St.|Calvera|86543
PS|21079662|940-3420 Lorem Road|Dublin|58642
CC|10182680|P.O. Box 462, 920 Diam. Rd.|Sint-Pauwels|57414
PS|43538543|P.O. Box 831, 388 A Street|Haßloch|32659
CE|28808544|6447 Mus. Rd.|Ninhue|51271
CC|15444688|P.O. Box 268, 3304 Nulla. St.|Genk|90134
PS|5893531|696-9063 Eu Avenue|Vaux-lez-Rosieres|19873
PS|15144718|P.O. Box 154, 2553 Dolor. Ave|Piegaro|17717
CE|49132888|871-6070 Et Rd.|Pozo Almonte|04489
DI|10868833|6066 Elit St.|Saint-Denis|27391
CC|50997053|9606 Dictum Rd.|Callander|26681
CC|46187325|206-6471 Mauris Rd.|Baddeck|86402
CE|16878624|Ap #774-4812 Nec St.|Juseret|45773
CC|22695689|Ap #839-5534 Arcu. Rd.|Reynosa|21877
DI|48980947|286-2273 Fusce Road|Ahmedabad|06541
PS|35960419|2297 Tellus. Street|Campochiaro|38188
PS|5174917|Ap #546-1981 Nibh Ave|Armidale|31886
CE|25239367|Ap #781-5067 Lacinia Road|Dolembreux|97237
DI|16790483|P.O. Box 218, 7019 Mollis St.|Abeokuta|03357
PS|22862182|634 Sed St.|Evere|13702
CC|22194012|513-2675 Vestibulum St.|Barry|00879
CC|35576360|674 Molestie Rd.|Dindigul|60790
PS|23418619|354-9661 Semper St.|Poggio San Marcello|39194
NIT|5967014|885-6592 A Street|Oldenzaal|71355
CE|39115927|311-3617 Lorem Road|Leicester|67970
NIT|14162484|643-8049 Odio Ave|Edremit|99330
NIT|32238835|465-9430 Ipsum Ave|Heusden|66760
NIT|20550774|P.O. Box 227, 8961 Non Avenue|Bergerac|05352
CE|44153752|246-4004 Dignissim Ave|Linkebeek|03206
CC|18897154|3213 Ipsum. Street|Fürstenwalde|60407
DI|23016857|709-8181 Malesuada Rd.|Verkhny Ufaley|18171